t,y,x,id,parent_id,track_id,area
0,108.96434359805511,108.10048622366288,76,,1,617
0,128.9816513761468,135.22935779816513,86,,2,545
0,92.94509803921568,253.61764705882354,94,,3,510
0,128.37423312883436,258.7586912,98,,4,489
0,143.1946902654867,217.2367256637168,102,,5,452
0,154.1855421686747,239.20481927710844,112,,6,415
1,108.7487922705314,108.3768115942029,442,76,1,621
1,128.56679389312978,135.70801526717557,452,86,2,524
1,93.86501901140684,252.94106463878327,460,94,3,526
1,128.99025341130604,259.3762183235867,464,98,4,513
1,143.61747572815534,219.93203883495147,468,102,5,515
1,158.11374407582937,239.4170616113744,478,112,6,422
2,108.41566265060241,111.01355421686748,808,442,1,664
2,128.1570093457944,137.90280373831774,818,452,2,535
2,92.86527514231499,253.20872865275143,826,460,3,527
2,127.57782101167315,260.0252918287938,830,464,4,514
2,141.63789868667916,222.59849906191369,834,468,5,533
2,158.81087470449174,240.1229314420804,844,478,6,423
3,110.73607038123167,112.09384164222874,1174,808,1,682
3,129.34412265758093,139.57069846678024,1184,818,2,587
3,92.97845601436266,251.99820466786355,1192,826,3,557
3,127.69832402234637,259.4040968342644,1196,830,4,537
3,143.52504638218923,218.4935064935065,1200,834,5,539
3,159.08665105386416,238.0327868852459,1210,844,6,427
4,110.67521367521367,113.11253561253561,1540,1174,1,702
4,131.02260869565217,144.22434782608696,1550,1184,2,575
4,90.89980353634577,249.0294695481336,1558,1192,3,509
4,124.81754385964912,259.9122807017544,1562,1196,4,570
4,143.93617021276594,218.74290780141843,1566,1200,5,564
4,159.93574297188755,236.46184738955824,1576,1210,6,498
5,110.43115438108484,113.5424200278164,1906,1540,1,719
5,129.94171220400727,147.60109289617486,1916,1550,2,549
5,92.05061082024433,248.69633507853402,1924,1558,3,573
5,128.4401993355482,256.2923588039867,1928,1562,4,602
5,149.65579710144928,214.4003623188406,1932,1566,5,552
5,176.5,225.54605263157896,1944,1576,7,152
5,150.38938053097345,238.4867256637168,1945,1576,8,113
6,108.51645207439199,111.87696709585121,2272,1906,1,699
6,133.94833948339485,148.4630996309963,2282,1916,2,542
6,96.10294118,250.63888888888889,2290,1924,3,612
6,131.18600368324124,264.30755064456724,2294,1928,4,543
6,152.2754716981132,213.72264150943397,2298,1932,5,530
6,175.70750988142294,226.63636363636363,2310,1944,7,253
6,150.4308300395257,242.82608695652175,2311,1945,8,253
7,111.23633879781421,111.5,2638,2272,1,732
7,131.06506849315068,147.6181506849315,2648,2282,2,584
7,94.45040650406504,250.37723577235772,2656,2290,3,615
7,129.98497495826376,270.0016694490818,2660,2294,4,599
7,147.28904847396768,217.53859964093357,2664,2298,5,557
7,176.7859531772575,223.0401337792642,2676,2310,7,299
7,152.3,245.73529411764707,2677,2311,8,340
8,109.14760638297872,111.75,3004,2638,1,752
8,133.41736227045075,143.6777963,3014,2648,2,599
8,95.8,249.7015625,3022,2656,3,640
8,130.2066772655008,268.7138314785374,3026,2660,4,629
8,160.02542372881356,198.71186440677965,3032,,9,118
8,134.38524590163934,217.48360655737704,3033,2664,5,122
8,174.94074074074075,223.1925925925926,3042,2676,7,405
8,150.63756613756613,242.43650793650792,3043,2677,8,378
9,106.90760869565217,111.58016304347827,3370,3004,1,736
9,132.88888888888889,142.25508607198748,3380,3014,2,639
9,94.54790419161677,254.3562874251497,3388,3022,3,668
9,133.13023255813954,276.1596899224806,3392,3026,4,645
9,155.66096866096865,201.91737891737893,3398,3032,9,351
9,132.09677419354838,224.66935483870967,3399,3033,5,248
9,177.2863436123348,221.3942731277533,3408,3042,7,454
9,149.22650602409638,247.0578313253012,3409,3043,8,415
10,104.24279835390946,109.0727023319616,3733,3370,1,729
10,131.4485294117647,140.21323529411765,3743,3380,2,680
10,94.75851851851851,253.67407407407407,3751,3388,3,675
10,135.93343419062026,277.68532526475036,3755,3392,4,661
10,156.7797927,202.0777202072539,3761,3398,9,386
10,128.31487889273356,229.31487889273356,3762,3399,5,289
10,182.2362768,216.79474940334129,3771,3408,7,419
10,153.05240174672488,243.82096069868996,3772,3409,8,458
11,104.75512995896032,106.86593707250341,4107,3733,1,731
11,130.2875175315568,138.83730715287518,4117,3743,2,713
11,95.97196261682242,252.01557632398755,4125,3751,3,642
11,137.00148367952522,275.39614243323444,4129,3755,4,674
11,159.6575,201.81,4135,3761,9,400
11,126.60632183908046,233.77586206896552,4136,3762,5,348
11,184.90997566909977,215.35766423357666,4145,3771,7,411
11,151.91460674157304,238.37977528089888,4146,3772,8,445
12,93.34946236559139,108.19354838709677,4481,4107,1,558
12,123.72337482710927,136.55463347164593,4491,4117,2,723
12,93.84122137,252.6946564885496,4499,4125,3,655
12,136.67964071856287,276.70508982035926,4503,4129,4,668
12,158.609375,200.80357142857142,4509,4135,9,448
12,119.63903743315508,244.22727272727272,4510,4136,5,374
12,185.9521640091116,210.29157175398635,4519,4145,7,439
12,152.07036247334756,239.44349680170575,4520,4146,8,469
13,110.83257918552036,101.95475113122171,4857,4481,10,221
13,81.90410959,102.17808219178082,4858,4481,11,219
13,122.14366197183098,137.31126760563382,4865,4491,2,710
13,94.94518518518518,252.3674074074074,4873,4499,3,675
13,139.4686567164179,277.1820895522388,4877,4503,4,670
13,156.9206349206349,200.24716553287982,4883,4509,9,441
13,120.29100529100529,244.6851851851852,4884,4510,5,378
13,187.3716814159292,208.04424778761063,4893,4519,7,452
13,154.10276679841897,236.53754940711462,4894,4520,8,506
14,112.8391167192429,93.79179810725552,5231,4857,10,317
14,82.85906040268456,100.63758389261746,5232,4858,11,298
14,129.64737793851717,151.54430379746836,5239,4865,2,553
14,94.71929824561404,252.75877192982455,5247,4873,3,684
14,140.578125,279.25852272727275,5251,4877,4,704
14,155.60843373493975,200.47791164658634,5257,4883,9,498
14,119.30179028132993,248.75191815856778,5258,4884,5,391
14,184.69612068965517,209.7801724137931,5267,4893,7,464
14,151.67722772277227,240.73267326732673,5268,4894,8,505
15,111.98924731182795,94.23924731182795,5605,5231,10,372
15,80.29565217391304,100.6608695652174,5606,5232,11,345
15,115.61710037174721,122.15985130111524,5615,,12,269
15,134.1534090909091,146.73863636363637,5616,5239,2,352
15,94.34782608695652,253.0420757363254,5621,5247,3,713
15,143.51599443671768,277.53685674547984,5625,5251,4,719
15,152.4331983805668,204.917004,5631,5257,9,494
15,118.88592233009709,251.9271844660194,5632,5258,5,412
15,185.4232456140351,205.90131578947367,5641,5267,7,456
15,152.0797546,243.63803680981596,5642,5268,8,489
16,113.92746113989638,95.48445595854922,5971,5605,10,386
16,82.16486486486487,98.58918918918918,5972,5606,11,370
16,120.46204620462046,115.41914191419141,5981,5615,12,303
16,135.3681592039801,149.24129353233832,5982,5616,2,402
16,96.13739376770538,254.02407932011332,5987,5621,3,706
16,143.80113636363637,277.24857954545456,5991,5625,4,704
16,153.39787234042552,203.7148936170213,5997,5631,9,470
16,120.7072072072072,246.6891891891892,5998,5632,5,444
16,185.5010752688172,207.7505376344086,6007,5641,7,465
16,152.56512605042016,244.5063025210084,6008,5642,8,476
17,113.43805309734513,93.08849557522124,6337,5971,10,452
17,84.85861183,100.44987146529563,6338,5972,11,389
17,121.97093023255815,113.68604651162791,6347,5981,12,344
17,135.09855769230768,149.60817307692307,6348,5982,2,416
17,94.45844875,254.37119113573408,6353,5987,3,722
17,142.8948824343015,279.53250345781464,6357,5991,4,723
17,157.59606986899564,202.05240174672488,6363,5997,9,458
17,120.31965442764579,246.19438444924407,6364,5998,5,463
17,183.10165975103735,212.84439834024897,6373,6007,7,482
17,148.89485458612975,248.46085011185681,6374,6008,8,447
18,114.54966887417218,91.18101545253863,6718,6337,10,453
18,82.93023255813954,98.06459948320413,6719,6338,11,387
18,120.19174041297936,111.33038348082596,6728,6347,12,339
18,134.4419753,149.31358024691357,6729,6348,2,405
18,91.62246278755075,256.47767253044657,6734,6353,3,739
18,144.0078226857888,279.5110821382008,6738,6357,4,767
18,153.9785407725322,204.08583690987123,6744,6363,9,466
18,118.32589285714286,240.12723214285714,6745,6364,5,448
18,181.70020533880904,209.06160164271049,6754,6373,7,487
18,142.64966740576497,250.85587583148558,6755,6374,8,451
19,122.9502262443439,90.55203619909503,7093,6718,10,442
19,86.10975609756098,98.30731707317074,7094,6719,11,410
19,120.53501400560224,111.87114845938375,7103,6728,12,357
19,133.5668103448276,145.23922413793105,7104,6729,2,464
19,93.13672922,255.96782841823057,7109,6734,3,746
19,144.73202614379085,280.5777777777778,7113,6738,4,765
19,155.85714285714286,199.7824175824176,7119,6744,9,455
19,120.67734553775743,239.09153318077804,7120,6745,5,437
19,182.10714285714286,208.43650793650792,7129,6754,7,504
19,145.02882483370288,252.44124168514412,7130,6755,8,451
20,120.71428571428571,90.68663594470046,7468,7093,10,434
20,83.70379146919431,92.78909952606635,7469,7094,11,422
20,117.23170731707317,110.4829268292683,7478,7103,12,410
20,129.7583187390543,144.73730297723293,7479,7104,2,571
20,93.59403372,255.34630350194553,7484,7109,3,771
20,145.79840848806367,280.8965517241379,7488,7113,4,754
20,153.35280898876405,202.0247191011236,7494,7119,9,445
20,118.36853932584269,242.6764045,7495,7120,5,445
20,181.81070745697897,208.38623326959848,7504,7129,7,523
20,143.01548672566372,252.19690265486724,7505,7130,8,452
21,116.36672967863895,87.05671077504726,7843,7468,10,529
21,81.65567010309279,93.70515463917526,7844,7469,11,485
21,117.59275053304904,113.72921108742004,7853,7478,12,469
21,121.1025641025641,150.71245421245422,7854,7479,2,546
21,93.37549407114625,252.40974967061925,7859,7484,3,759
21,144.54593874833554,280.2902796271638,7863,7488,4,751
21,156.87089201877933,197.82394366197184,7869,7494,9,426
21,117.5340909090909,242.3590909090909,7870,7495,5,440
21,179.45877378435517,216.27272727272728,7879,7504,7,473
21,143.17218543046357,250.32671081677705,7880,7505,8,453
22,118.14869888475836,91.32899628252788,8218,7843,10,538
22,80.73013245033113,93.38741721854305,8219,7844,11,604
22,124.7478448275862,122.97629310344827,8228,7853,12,464
22,115.27376425855513,158.7851711026616,8229,7854,2,526
22,91.88341968911917,252.97927461139898,8234,7859,3,772
22,146.23218997361477,280.35356200527707,8238,7863,4,758
22,157.66594360086768,199.1301518438178,8244,7869,9,461
22,115.75,243.43229166666666,8245,7870,5,384
22,180.29423868312756,216.25102880658437,8254,7879,7,486
22,139.92650334075725,250.50779510022272,8255,7880,8,449
23,115.76894639556377,87.55268022181146,8593,8218,10,541
23,74.66104553,94.41989881956155,8594,8219,11,593
23,132.4795918367347,120.62857142857143,8603,8228,12,490
23,115.678392,156.93634840871022,8604,8229,2,597
23,91.47087980173482,252.30235439900866,8609,8234,3,807
23,146.3700887198986,279.6451204055767,8613,8238,4,789
23,162.33516483516485,203.3882783882784,8619,8244,9,546
23,114.05141388174808,246.80205655526993,8620,8245,5,389
23,185.58660508083142,217.3233256351039,8629,8254,7,433
23,140.39400428265526,248.82869379014988,8630,8255,8,467
24,114.72953736654804,88.04092526690391,8975,8593,10,562
24,74.81395348837209,94.67441860465117,8976,8594,11,602
24,133.59538784067087,117.43186582809224,8985,8603,12,477
24,116.41497659906396,154.42277691107645,8986,8604,2,641
24,93.51954602774275,250.23959646910467,8991,8609,3,793
24,148.80711354309165,281.4541723666211,8995,8613,4,731
24,161.58252427184465,202.78058252427184,9001,8619,9,515
24,115.27329192546584,247.1273291925466,9002,8620,5,322
24,185.5040322580645,217.11491935483872,9011,8629,7,496
24,142.19747899159663,247.40126050420167,9012,8630,8,476
25,107.9,88.72542372881355,9357,8975,10,590
25,71.54013377926421,93.65217391304348,9358,8976,11,598
25,132.23333333333332,118.52941176470588,9367,8985,12,510
25,111.66666666666667,154.7018348623853,9368,8986,2,654
25,91.68380462724936,251.09383033419024,9373,8991,3,778
25,147.91842105263157,280.62894736842105,9377,8995,4,760
25,161.426,203.266,9383,9001,9,500
25,113.08253968253969,247.48888888888888,9384,9002,5,315
25,182.18052738336715,221.64097363083164,9393,9011,7,493
25,139.3453093812375,246.47305389221557,9394,9012,8,501
26,108.6808905380334,86.59554730983302,9740,9357,10,539
26,73.34925865,96.41845140032949,9741,9358,11,607
26,132.98235294117646,115.85098039215686,9750,9367,12,510
26,111.8262150220913,155.5581737849779,9751,9368,2,679
26,92.24045801526718,251.99872773536896,9756,9373,3,786
26,147.94214876033058,279.56473829201104,9760,9377,4,726
26,163.8827038,197.95029821073558,9766,9383,9,503
26,114.71666666666667,244.51388888888889,9767,9384,5,360
26,180.20131291028446,226.7702407002188,9776,9393,7,457
26,139.6757813,244.5449219,9777,9394,8,512
27,115.65709156193896,87.31059245960503,10123,9740,10,557
27,76.25811688311688,95.51136363636364,10124,9741,11,616
27,135.0560928433269,117.19148936170212,10133,9750,12,517
27,112.55555555555556,156.97297297297297,10134,9751,2,666
27,96.74217772215269,249.8235294117647,10139,9756,3,799
27,147.15185185185186,278.7395061728395,10143,9760,4,810
27,168.8278689,193.95491803278688,10149,9766,9,488
27,118.64469914040114,243.18338108882523,10150,9767,5,349
27,179.85947046843177,227.9490835,10159,9776,7,491
27,143.03777335984094,244.05367793240558,10160,9777,8,503
28,116.30442176870748,83.05272108843538,10506,10123,10,588
28,74.39726027,95.24143835616438,10507,10124,11,584
28,137.75187969924812,115.30827067669173,10516,10133,12,532
28,112.2172619047619,156.32589285714286,10517,10134,2,672
28,94.49426751592357,249.06751592356687,10522,10139,3,785
28,146.91458607095927,281.3377135348226,10526,10143,4,761
28,165.7880085653105,191.61884368308353,10532,10149,9,467
28,116.91420911528151,243.9034852546917,10533,10150,5,373
28,178.18478260869566,225.3659420289855,10542,10159,7,552
28,141.31791907514452,244.85741811175336,10543,10160,8,519
29,115.7135922330097,74.20550161812298,10889,10506,10,618
29,76.01785714285714,93.58441558441558,10890,10507,11,616
29,138.53346855983773,110.84178498985801,10899,10516,12,493
29,114.73247496423463,153.05293276108728,10900,10517,2,699
29,94.24847001,250.87760097919215,10905,10522,3,817
29,147.19662921348313,282.04634831460675,10909,10526,4,712
29,161.93320964749537,190.6307977736549,10915,10532,9,539
29,117.08771929824562,244.38011695906434,10916,10533,5,342
29,177.78420038535646,226.08285163776495,10925,10542,7,519
29,141.75628626692458,246.2147001934236,10926,10543,8,517
30,119.08319738988581,72.45024469820555,11272,10889,10,613
30,76.92845528455284,93.42601626,11273,10890,11,615
30,135.1441947565543,111.6872659,11282,10899,12,534
30,113.96652719665272,152.65550906555092,11283,10900,2,717
30,96.16222760290557,251.4370460048426,11288,10905,3,826
30,146.84246575342465,281.27853881278537,11292,10909,4,438
30,161.7377938517179,191.93309222423147,11298,10915,9,553
30,119.82295081967213,239.20983606557377,11299,10916,5,305
30,177.87613843351548,226.2495446265938,11308,10925,7,549
30,143.00879120879122,247.20219780219782,11309,10926,8,455
31,122.15650741350906,74.89126853377265,11655,11272,10,607
31,78.58895705521472,94.06901840490798,11656,11273,11,652
31,136.49506903353057,116.38658777120315,11665,11282,12,507
31,113.27717391304348,152.67391304347825,11666,11283,2,736
31,93.62451108,250.6245110821382,11671,11288,3,767
31,161.1947565543071,281.04119850187266,11677,11292,13,267
31,133.29249011857706,282.7628458498024,11678,11292,14,253
31,160.89126559714796,192.53297682709447,11681,11298,9,561
31,116.53172205438067,242.6858006042296,11682,11299,5,331
31,176.00518134715026,228.2987910189983,11691,11308,7,579
31,140.82688391038695,250.38085539714868,11692,11309,8,491
32,124.51768488745981,75.92765273311898,12038,11655,10,622
32,79.85112781954888,95.06766917293233,12039,11656,11,665
32,134.86150712830957,117.58655804480652,12048,11665,12,491
32,112.51162790697674,154.18057455540355,12049,11666,2,731
32,90.85714285714286,249.08412698412698,12054,11671,3,630
32,162.30564784053155,285.75083056478405,12060,11677,13,301
32,137.89247311827958,287.61648745519716,12061,11678,14,279
32,161.14944649446494,192.39852398523985,12064,11681,9,542
32,117.77835051546391,240.35051546391753,12065,11682,5,388
32,176.22380106571936,230.73534635879219,12074,11691,7,563
32,142.17120622568095,253.1614785992218,12075,11692,8,514
33,124.83952702702703,76.45608108108108,12421,12038,10,592
33,79.67459138187222,94.38632986627043,12422,12039,11,673
33,135.1259842519685,117.8740157480315,12431,12048,12,508
33,113.62707182320442,153.8218232044199,12432,12049,2,724
33,87.77927063339732,254.36084452975047,12437,12054,3,521
33,161.69642857142858,280.05357142857144,12443,12060,13,336
33,137.26797385620915,289.0947712418301,12444,12061,14,306
33,161.66415094339624,190.11509433962263,12447,12064,9,530
33,115.43607305936074,237.44520547945206,12448,12065,5,438
33,175.70886075949366,231.3146473779385,12457,12074,7,553
33,141.5659656,253.0114722753346,12458,12075,8,523
34,124.77234401349072,76.79426644182125,12804,12421,10,593
34,78.28769230769231,94.74769231,12805,12422,11,650
34,133.7148936170213,119.45106382978723,12814,12431,12,470
34,113.12483399734396,155.11819389110227,12815,12432,2,753
34,83.44126984126984,272.16190476190474,12822,12437,15,315
34,89.93023255813954,240.60723514211887,12823,12437,16,387
34,162.94670050761422,280.46192893401013,12826,12443,13,394
34,137.6510067114094,290.0436241610738,12827,12444,14,298
34,163.93133802816902,190.7218309859155,12830,12447,9,568
34,115.55299539170507,240.44700460829492,12831,12448,5,434
34,176.21960784313725,233.81764705882352,12840,12457,7,510
34,141.38240574506284,253.15260323159785,12841,12458,8,557
35,126.89566613162118,77.45425361155698,13187,12804,10,623
35,81.12330827067669,94.69473684210526,13188,12805,11,665
35,133.89775051124744,120.21881390593047,13197,12814,12,489
35,115.11229946524064,154.0668449197861,13198,12815,2,748
35,85.10322580645162,268.3225806451613,13205,12822,15,310
35,93.29230769230769,238.20923076923077,13206,12823,16,325
35,163.55205811138015,279.90072639225184,13209,12826,13,413
35,139.7,291.3,13210,12827,14,350
35,165.9588551,191.1824686940966,13213,12830,9,559
35,116.01146788990826,240.61238532110093,13214,12831,5,436
35,177.01245551601423,232.41637010676158,13223,12840,7,562
35,140.79794520547946,252.94691780821918,13224,12841,8,584
36,127.52970297029702,78.44224422442244,13570,13187,10,606
36,81.27379209370424,94.66032210834554,13571,13188,11,683
36,131.58969072164948,121.73195876288659,13580,13197,12,485
36,115.45877659574468,154.99335106382978,13581,13198,2,752
36,84.34757834757835,269.5868945868946,13588,13205,15,351
36,94.48493975903614,238.8012048192771,13589,13206,16,332
36,163.30155210643017,279.7827050997783,13592,13209,13,451
36,139.34069400630915,288.4447949526814,13593,13210,14,317
36,164.9535655058043,191.7363184079602,13596,13213,9,603
36,116.89749430523918,240.6628701594533,13597,13214,5,439
36,176.50478011472276,232.3059273422562,13606,13223,7,523
36,140.38212927756655,255.2889733840304,13607,13224,8,526
37,127.77948717948718,77.98803418803419,13953,13570,10,585
37,82.09224012,95.26500732064422,13954,13571,11,683
37,133.01656314699792,120.63146997929607,13963,13580,12,483
37,116.3478835978836,154.7089947089947,13964,13581,2,756
37,82.53477218,269.85851318944844,13971,13588,15,417
37,89.72131147540983,238.49180327868854,13972,13589,16,366
37,165.34782608695653,281.4323671497585,13975,13592,13,414
37,139.45114942528735,292.51149425287355,13976,13593,14,348
37,165.83695652173913,189.92391304347825,13979,13596,9,552
37,119.86491557223265,237.93245778611632,13980,13597,5,533
37,177,233.2768670309654,13989,13606,7,549
37,142.3978494623656,257.81182795698925,13990,13607,8,558
38,128.4010067114094,76.03859060402685,14319,13953,10,596
38,81.49187592319055,95.01181683899557,14320,13954,11,677
38,129.90138067061145,120.61538461538461,14329,13963,12,507
38,114.98155467720684,153.38339920948616,14330,13964,2,759
38,83.57009345794393,269.11915887850466,14337,13971,15,428
38,87.20353982300885,237.01769911504425,14338,13972,16,339
38,162.64705882352942,281.5882352941176,14341,13975,13,425
38,136.0810810810811,288.6,14342,13976,14,370
38,162.8201680672269,191.23025210084035,14345,13979,9,595
38,119.94047619047619,235.77777777777777,14346,13980,5,504
38,176.05671077504726,233.9546313799622,14355,13989,7,529
38,139.15510948905109,255.32116788321167,14356,13990,8,548
39,129.43174061433447,77.12286689419795,14699,14319,10,586
39,80.68475073313783,93.78299120234604,14700,14320,11,682
39,130.09302325581396,121.42635658914729,14709,14329,12,516
39,114.41720990873533,153.23207301173403,14710,14330,2,767
39,82.33812949640287,270.3908872901679,14717,14337,15,417
39,85.10447761,238.31641791044777,14718,14338,16,335
39,161.11930585683297,280.95010845986985,14721,14341,13,461
39,137.04371584699453,291.4972677595628,14722,14342,14,366
39,163.56570512820514,192.26602564102564,14725,14345,9,624
39,119.49900199600799,232.5429141716567,14726,14346,5,501
39,173.97388059701493,234.78731343283582,14735,14355,7,536
39,137.44425087108013,255.94947735191639,14736,14356,8,574
40,128.3204047217538,77.29848229342328,15079,14699,10,593
40,81.78052325581395,96.26598837209302,15080,14700,11,688
40,129.47080291970804,121.08029197080292,15089,14709,12,548
40,114.65033112582782,154.24503311258277,15090,14710,2,755
40,81.74770642201835,269.57798165137615,15097,14717,15,436
40,88.74566473988439,235.84971098265896,15098,14718,16,346
40,159.80375782881003,283.42379958246346,15101,14721,13,479
40,134.46796657381614,296.1727019498607,15102,14722,14,359
40,162.6416,195.6112,15105,14725,9,625
40,121.33268858800774,235.4119922630561,15106,14726,5,517
40,175.07889546351086,234.88165680473372,15115,14735,7,507
40,138.7043918918919,260.1283783783784,15116,14736,8,592
41,130.61929824561403,75.36315789473684,15459,15079,10,570
41,84.21167883211679,93.65401459854014,15460,15080,11,685
41,130.22064056939502,118.68327402135232,15469,15089,12,562
41,115.53034300791556,153.18337730870712,15470,15090,2,758
41,83.08616780045351,266.5011337868481,15477,15097,15,441
41,88.16666666666667,237.21428571428572,15478,15098,16,336
41,161.0438756855576,279.4314442413163,15481,15101,13,547
41,137.48994974874373,297.20100502512565,15482,15102,14,398
41,162.6186046511628,195.18759689922481,15485,15105,9,645
41,120.02294455066922,235.6959847036329,15486,15106,5,523
41,177.69844020797228,231.7417677642981,15495,15115,7,577
41,141.1384364820847,255.5570033,15496,15116,8,614
42,129.83501683501683,79.28956228956228,15839,15459,10,594
42,83.36565977742448,93.51828298887122,15840,15460,11,629
42,132.53451676528599,117.34516765285996,15849,15469,12,507
42,118.01048492791612,153.27260812581915,15850,15470,2,763
42,81.70319634703196,271.06392694063925,15857,15477,15,438
42,87.57453416149069,235.63975155279502,15858,15478,16,322
42,158.28985507246378,281.93167701863354,15861,15481,13,483
42,138.33084577114428,299.1169154228856,15862,15482,14,402
42,160.60942249240122,197.32370820668692,15865,15485,9,658
42,121.09461966604823,233.5194805194805,15866,15486,5,539
42,178.3819188191882,234.13837638376384,15875,15495,7,542
42,140.27022653721684,256.78478964401296,15876,15496,8,618
43,128.62581699346404,78.67156862745098,16223,15839,10,612
43,82.80028530670471,93.35520684736092,16224,15840,11,701
43,130.51866404715128,117.475442,16233,15849,12,509
43,115.11724137931034,151.9406896551724,16234,15850,2,725
43,81.49473684210527,270.9894736842105,16241,15857,15,475
43,87.31092437,237.81512605042016,16242,15858,16,357
43,157.69937369519832,279.9018789,16245,15861,13,479
43,142.1888888888889,297.55555555555554,16246,15862,14,360
43,158.3095238095238,199.57886904761904,16249,15865,9,672
43,119.76895306859205,232.21119133574007,16250,15866,5,554
43,176.06716417910448,232.92723880597015,16259,15875,7,536
43,138.6041308089501,257.59552495697073,16260,15876,8,581
44,127.72742200328408,76.75041051,16607,16223,10,609
44,80.02835820895523,93.63134328358208,16608,16224,11,670
44,130.16007532956687,116.49152542372882,16617,16233,12,531
44,115.21045751633987,153.3124183006536,16618,16234,2,765
44,78.11377245508982,273.3353293413174,16625,16241,15,501
44,83.43380282,236.69014084507043,16626,16242,16,355
44,157.51532567049807,278.5,16629,16245,13,522
44,140.47493403693932,295.6939313984169,16630,16246,14,379
44,160.5462822,197.8907435508346,16633,16249,9,659
44,117.34712230215827,232.4046762589928,16634,16250,5,556
44,180.57219251336898,231.10516934046345,16643,16259,7,561
44,137.81545741324922,255.91640378548897,16644,16260,8,634
45,130.17025089605735,75.83333333333333,16991,16607,10,558
45,80.04148148148148,93.09481481481481,16992,16608,11,675
45,127.44237918215613,117.03717472118959,17001,16617,12,538
45,111.10406091370558,151.14086294416245,17002,16618,2,788
45,78.47334754797441,271.7100213219616,17009,16625,15,469
45,86.9047619,233.97321428571428,17010,16626,16,336
45,155.4275092936803,281.07806691449815,17013,16629,13,538
45,140.4923076923077,298.78205128205127,17014,16630,14,390
45,160.73472429210133,198.14008941877793,17017,16633,9,671
45,116.7227191413238,231.9731663685152,17018,16634,5,559
45,183.52468007312615,227.39670932358317,17027,16643,7,547
45,136.3900481540931,256.24719101123594,17028,16644,8,623
46,129.25082508250824,77.34983498349835,17371,16991,10,606
46,81.60119047619048,93.69642857142857,17372,16992,11,672
46,130.34108527131784,115.98837209302326,17381,17001,12,516
46,112.83676092544987,151.16066838046274,17382,17002,2,778
46,80.94789579158316,270.2745490981964,17389,17009,15,499
46,86.57014925373134,233.21492537313432,17390,17010,16,335
46,155.76360225140712,278.97748592870545,17393,17013,13,533
46,142.28900255754476,297.0409207161125,17394,17014,14,391
46,161.6698717948718,196.9375,17397,17017,9,624
46,117.57326007326007,231.73260073260073,17398,17018,5,546
46,183.2767402,224.7402376910017,17407,17027,7,589
46,137.1392,255.9744,17408,17028,8,625
47,126.03064516129032,76.56290322580645,17751,17371,10,620
47,79.15668202764977,92.91244239631337,17752,17372,11,651
47,129.8289241622575,113.53086419753086,17761,17381,12,567
47,111.98216560509555,152.8624203821656,17762,17382,2,785
47,78.39105058365759,271.8171206225681,17769,17389,15,514
47,86.77955271565496,235.66453674121405,17770,17390,16,313
47,153.96146788990825,279.0366972477064,17773,17393,13,545
47,144.78313253012047,297.06024096385545,17774,17394,14,415
47,161.13787375415282,195.67607973421926,17777,17397,9,602
47,115.8974358974359,231.8168498168498,17778,17398,5,546
47,183.40554592720972,221.40034662045062,17787,17407,7,577
47,132.96116504854368,257.62297734627833,17788,17408,8,618
48,128.76072607260727,76.91914191419141,18131,17751,10,606
48,81.56137724550898,93.47904191616766,18132,17752,11,668
48,130.4109090909091,116.03272727272727,18141,17761,12,550
48,112.88676844783716,153.43384223918576,18142,17762,2,786
48,78.78285714285714,272.50095238095236,18149,17769,15,525
48,86.06514657980456,230.9185667752443,18150,17770,16,307
48,156.44424131627056,276.75868372943324,18153,17773,13,547
48,147.88809523809525,295.8404761904762,18154,17774,14,420
48,163.7490774907749,189.57933579335793,18157,17777,9,271
48,117.57142857142857,231.7641996557659,18158,17778,5,581
48,186.55837563451777,216.53130287648054,18167,17787,7,591
48,132.93663060278206,257.78361669242656,18168,17788,8,647
49,127.69522240527183,76.84184514003294,18511,18131,10,607
49,76.88364249578414,92.56155143338954,18512,18132,11,593
49,130.86666666666667,113.82857142857142,18521,18141,12,525
49,114.20733249051833,153.46017699115043,18522,18142,2,791
49,78.64478764478764,273.2953667953668,18529,18149,15,518
49,85.75932203,230.0813559322034,18530,18150,16,295
49,156.52292020373514,274.87266553480475,18533,18153,13,589
49,148.65837104072398,294.8687783,18534,18154,14,442
49,116.99301919720767,230.95287958115182,18538,18158,5,573
49,175.4431818181818,178.5909090909091,18540,18157,17,264
49,164.35555555555555,207.5851851851852,18541,18157,18,270
49,186.8531952,214.74438687392055,18547,18167,7,579
49,128.75151515151515,259.53939393939396,18548,18168,8,660
50,136.50539956803456,72.67170626349892,18891,18511,10,463
50,77.41176470588235,93.86096256684492,18892,18512,11,374
50,129.2811950790861,113.69595782073814,18901,18521,12,569
50,114.0825,150.83625,18902,18522,2,800
50,80.00963391136801,273.1059730250482,18909,18529,15,519
50,87.34782608695652,231.3210702341137,18910,18530,16,299
50,158.3156089193825,274.6312178,18913,18533,13,583
50,149.65625,295.1674107142857,18914,18534,14,448
50,118.14858096828047,231.6110183639399,18918,18538,5,599
50,171.2788944723618,182.90954773869348,18920,18540,17,398
50,152.68715083798884,205.84916201117318,18921,18541,18,358
50,184.9268680445151,215.02702702702703,18927,18547,7,629
50,129.46461538461537,261.35076923076923,18928,18548,8,650
51,139.72131147540983,75.22248243559719,19276,18891,10,427
51,73.01736111111111,103.09027777777777,19278,18892,19,288
51,81.70739549839229,79.30868167202573,19280,18892,20,311
51,129.4321608040201,111.03685092127303,19286,18901,12,597
51,115.08312020460357,154.82608695652175,19287,18902,2,782
51,80.13385826771653,274.48425196850394,19294,18909,15,508
51,87.03785488958991,233,19295,18910,16,317
51,157.28209459459458,273.92736486486484,19298,18913,13,592
51,146.76170212765956,294.8595744680851,19299,18914,14,470
51,117.40270727580372,233.21489001692046,19303,18918,5,591
51,171.91885441527447,182.70405727923628,19305,18920,17,419
51,150.4896551724138,209.5471264367816,19306,18921,18,435
51,182.0710743801653,217.74545454545455,19312,18927,7,605
51,126.48846960167715,265.05870020964363,19313,18928,8,477
52,74.31511254019293,104.9935691318328,19663,19278,19,311
52,81.15838509,79.03726708074534,19665,19280,20,322
52,120.38511326860842,59.40129449838188,19667,,21,309
52,141.32894736842104,83.83552631578948,19668,19276,10,304
52,129.48475120385234,108.24719101123596,19671,19286,12,623
52,115.77402597402597,153.15844155844155,19672,19287,2,770
52,80.27111984282908,273.6286836935167,19679,19294,15,509
52,87.34276729559748,228.67295597484278,19680,19295,16,318
52,156.7064846416382,273.0460750853242,19683,19298,13,586
52,146.1257731958763,293.2742268041237,19684,19299,14,485
52,114.67307692307692,233.66083916083917,19688,19303,5,572
52,171.17782909930716,184.24249422632795,19690,19305,17,433
52,147.79826464208242,217.67895878524945,19691,19306,18,461
52,181.22273425499233,216.72196620583716,19697,19312,7,651
52,132.05714285714285,253.95714285714286,19700,19313,8,140
52,110.74193548387096,278.21290322580643,19701,,22,155
53,73.30964467005076,103.63705583756345,20048,19663,19,394
53,78.84375,80.36079545454545,20050,19665,20,352
53,115.92012779552715,60.073482428115014,20052,19667,21,313
53,140.68367346938774,82.91496598639456,20053,19668,10,294
53,129.32828282828282,109.31313131313131,20056,19671,12,594
53,113.47022332506204,150.40322580645162,20057,19672,2,806
53,77.272,273.908,20064,19679,15,500
53,86.94155844155844,229.4935064935065,20065,19680,16,308
53,155.63799283154123,271.1218637992832,20068,19683,13,558
53,147.23456790123456,291.52880658436214,20069,19684,14,486
53,113.38120567375887,235.1418439716312,20073,19688,5,564
53,172.4851936218679,182.30296127562642,20075,19690,17,439
53,144.60212765957448,221.30425531914895,20076,19691,18,470
53,178.22380952380954,218.18412698412698,20082,19697,7,630
53,132.42045454545453,260.844697,20085,19700,8,264
53,107.58264462809917,283.3677685950413,20086,19701,22,242
54,71.84470588235294,100.59529411764706,20428,20048,19,425
54,84.44324324324324,85.23783783783784,20430,20050,20,370
54,118.64359861591696,57.15916955017301,20432,20052,21,289
54,138.27639751552795,84.88198757763975,20433,20053,10,322
54,132.97307692307692,114.95961538461539,20436,20056,12,520
54,114.17352185089975,151.88046272493574,20437,20057,2,778
54,80.28421052631579,272.61052631578946,20444,20064,15,475
54,88.76898734177215,230.6139240506329,20445,20065,16,316
54,157.82974910394265,271.11648745519716,20448,20068,13,558
54,147.74952919020717,292.12241054613935,20449,20069,14,531
54,116.06632653061224,234.08163265306123,20453,20073,5,588
54,178.0063025210084,185.5924369747899,20455,20075,17,476
54,148.98340248962654,216.20539419087137,20456,20076,18,482
54,178.47763864042935,224.52951699463327,20462,20082,7,559
54,134.7875,261.43125,20465,20085,8,320
54,106.62837837837837,284.47972972972974,20466,20086,22,296
55,70.99779249448123,101.46136865342163,20808,20428,19,453
55,84.02272727272727,86.91818181818182,20810,20430,20,440
55,120.96463022508038,60.80707395498392,20812,20432,21,311
55,137.6600566572238,83.13031161473087,20813,20433,10,353
55,130.16104868913857,112.08239700374531,20816,20436,12,534
55,113.70967741935483,150.2311827956989,20817,20437,2,744
55,81.22653061,270.2469387755102,20824,20444,15,490
55,91.17021276595744,227.46504559270517,20825,20445,16,329
55,157.890625,270.5763888888889,20828,20448,13,576
55,150.12977099236642,291.85687022900765,20829,20449,14,524
55,115.92361111111111,233.23090277777777,20833,20453,5,576
55,187.97018348623854,189.37844036697248,20835,20455,17,436
55,155.6615087040619,210.28820116054158,20836,20456,18,517
55,178.51612903225808,223.59447004608296,20842,20462,7,217
55,135.35060975609755,259.8414634146341,20845,20465,8,328
55,104.45180722891567,283.6445783,20846,20466,22,332
56,71.71235521,101.51544401544402,21188,20808,19,518
56,85.95474137931035,87.28017241379311,21190,20810,20,464
56,119.99029126213593,60.57281553398058,21192,20812,21,309
56,139.90662650602408,81.72891566,21193,20813,10,332
56,132.2621185,112.86175942549372,21196,20816,12,557
56,111.43123209169055,153.49570200573066,21197,20817,2,698
56,81.43863179074447,266.7404426559356,21204,20824,15,497
56,90.10703363914374,227.4006116207951,21205,20825,16,327
56,157.29642857142858,270.1928571428571,21208,20828,13,560
56,149.60957642725597,291.36648250460405,21209,20829,14,543
56,115.44615384615385,232.33333333333334,21213,20833,5,585
56,187.40188679245284,184.5547169811321,21215,20835,17,530
56,157.5903165735568,215.38919925512104,21216,20836,18,537
56,133.59259259259258,257.77777777777777,21225,20845,8,351
56,102.91412742382272,282.5983379501385,21226,20846,22,361
56,186.96120689655172,208.7801724137931,21228,20842,23,232
56,170.48815165876778,236.14218009478674,21229,20842,24,211
57,72.532,103.152,21568,21188,19,500
57,81.66017316017316,84.67316017316017,21570,21190,20,462
57,121.77399380804954,63.65944272,21572,21192,21,323
57,141.5225988700565,79.72316384,21573,21193,10,354
57,134.04276315789474,113.1842105263158,21576,21196,12,608
57,112.90780141843972,158.4728132387707,21577,21197,2,423
57,81.08759124087591,265.4184914841849,21584,21204,15,411
57,88.60526315789474,232.93859649122808,21585,21205,16,342
57,158.68421052631578,269.6701754385965,21588,21208,13,570
57,148.6118881118881,291.8583916083916,21589,21209,14,572
57,115.33098591549296,233.95598591549296,21593,21213,5,568
57,185.3903743315508,184.81283422459893,21595,21215,17,561
57,154.72744360902254,214.71052631578948,21596,21216,18,532
57,135.25427872860635,255.93643031784842,21605,21225,8,409
57,102.6891891891892,282.4756756756757,21606,21226,22,370
57,188.52403846153845,208.58173076923077,21608,21228,23,208
57,174.6689655172414,234.5344827586207,21609,21229,24,290
58,70.25235404896422,103.91148775894538,21948,21568,19,531
58,81.58754863813229,86.21400778210116,21950,21570,20,514
58,123.57714285714286,66.2,21952,21572,21,350
58,142.34473684210528,79.18421053,21953,21573,10,380
58,138.6003490401396,119.64921465968587,21956,21576,12,573
58,96.09803921568627,141.72058823529412,21959,,25,204
58,123.9950248756219,159.93532338308458,21961,21577,2,201
58,77.83333333333333,262.82275132275134,21964,21584,15,378
58,84.29166666666667,230.29166666666666,21965,21585,16,336
58,156.5794701986755,269.6523178807947,21968,21588,13,604
58,147.40917107583775,291.76014109347443,21969,21589,14,567
58,112.70903010033445,235.76421404682273,21973,21593,5,598
58,190.39483394833948,184.80258302583024,21975,21595,17,542
58,156.22348484848484,211.3693181818182,21976,21596,18,528
58,134.72444444444446,254.29111111111112,21985,21605,8,450
58,100.91116751269035,281.7741116751269,21986,21606,22,394
58,194.36653386454182,212.25099601593627,21988,21608,23,251
58,173.62056737588654,233.36524822695034,21989,21609,24,282
59,70.70786516853933,104.66292134831461,22328,21948,19,534
59,77.69762845849803,84.64229249011858,22330,21950,20,506
59,117.08638743455498,61.96596858638743,22332,21952,21,382
59,147.18316831683168,73.43316831683168,22333,21953,10,404
59,137.6186579378069,120.61538461538461,22336,21956,12,611
59,92.30320699708454,147.73760932944606,22339,21959,25,343
59,123.66852367688023,158.76323119777157,22341,21961,2,359
59,78.47732696897374,262.54653937947495,22344,21964,15,419
59,87.30618892508143,230.00325732899023,22345,21965,16,307
59,158.0513698630137,269.8493150684931,22348,21968,13,584
59,147.31534569983137,291.71332209106237,22349,21969,14,593
59,114.23623445825932,233.6323268206039,22353,21973,5,563
59,188.1564748201439,183.30395683453239,22355,21975,17,556
59,155.05836575875486,204.53501945525292,22356,21976,18,514
59,135.39179954441914,253.38268792710707,22365,21985,8,439
59,101.50375939849624,281.12280701754383,22366,21986,22,399
59,192.98333333333332,211.84333333333333,22368,21988,23,300
59,170.80645161290323,235.61935483870968,22369,21989,24,310
60,63.641929499072354,102.53617810760667,22708,22328,19,539
60,82.37176938369781,85.66799204771372,22710,22330,20,503
60,114.50797266514806,61.93621867881549,22712,22332,21,439
60,147.10055865921788,70.68435754189944,22713,22333,10,358
60,140.83676703645008,118.9080824088748,22716,22336,12,631
60,93.55388471177945,151.1203007518797,22719,22339,25,399
60,125.19128329297821,160.55205811138015,22721,22341,2,413
60,76.91878172588832,263.24111675126903,22724,22344,15,394
60,88.00934579439253,231.62305295950156,22725,22345,16,321
60,157.94055944055944,268.8968531468532,22728,22348,13,572
60,147.80762852404644,290.49087893864015,22729,22349,14,603
60,111.82577132486388,235.7350272232305,22733,22353,5,551
60,185.14361702127658,184.54609929078015,22735,22355,17,564
60,152.6624775583483,202.50089766606823,22736,22356,18,557
60,136.86157024793388,246.90702479338842,22745,22365,8,484
60,100.57241379310345,282.57471264367814,22746,22366,22,435
60,194.96511627906978,211.17732558139534,22748,22368,23,344
60,169.62280701754386,236.05555555555554,22749,22369,24,342
61,64.70727272727272,101.23818181818181,23088,22708,19,550
61,88.84180790960453,83.24482109227871,23090,22710,20,531
61,120.08695652173913,57.58152173913044,23092,22712,21,368
61,147.08707124010553,71.01583113456465,23093,22713,10,379
61,141.74923547400613,115.9525993883792,23096,22716,12,654
61,94.31961259079903,154.4600484261501,23099,22719,25,413
61,129.16229116945107,161.68257756563247,23101,22721,2,419
61,77.92307692307692,268.0079575596817,23104,22724,15,377
61,80.64391691394658,233.3412462908012,23105,22725,16,337
61,158.6258064516129,267.81290322580645,23108,22728,13,620
61,149.86949152542374,289.37118644067795,23109,22729,14,590
61,110.40070298769771,236.09314586994728,23113,22733,5,569
61,182.00834724540903,186.01001669449082,23115,22735,17,599
61,147.71377459749553,204.0268336314848,23116,22736,18,559
61,140.68247422680412,246.7896907216495,23125,22745,8,485
61,102.95903614457832,281.1879518072289,23126,22746,22,415
61,192.45885286783042,209.54862842892769,23128,22748,23,401
61,172.8523076923077,236.17538461538462,23129,22749,24,325
62,63.60801393728223,99.24564459930313,23468,23088,19,574
62,89.65018315018315,81.52014652014653,23470,23090,20,546
62,125.32153392330383,50.12979351032448,23472,23092,21,339
62,141.4352078239609,69.64303178484107,23473,23093,10,409
62,140.37910447761195,111.02686567164179,23476,23096,12,670
62,95.23799582463465,154.2588727,23479,23099,25,479
62,130.6805251641138,156.35229759299781,23481,23101,2,457
62,76.63275434243177,268.8957816377171,23484,23104,15,403
62,82.71935483870968,232.5225806451613,23485,23105,16,310
62,158.66787003610108,266.01083032490976,23488,23108,13,554
62,148.0605042016807,287.22857142857146,23489,23109,14,595
62,110.5,235.66666666666666,23493,23113,5,522
62,180.60595446584938,180.0105078809107,23495,23115,17,571
62,145.93515358361773,206.0307167235495,23496,23116,18,586
62,137.4156626506024,250.99799196787149,23505,23125,8,498
62,101.91646191646191,279.42997542997546,23506,23126,22,407
62,189.27088607594936,208.64556962025316,23508,23128,23,395
62,170.6939393939394,236.64242424242425,23509,23129,24,330
63,64.51005484460694,98.65447898,23848,23468,19,547
63,88.34172661870504,79.88309352517986,23850,23470,20,556
63,130.97214484679665,46.74651810584958,23852,23472,21,359
63,140.1418918918919,70.52252252252252,23853,23473,10,444
63,136.90977443609023,109.20150375939849,23856,23476,12,665
63,97.09433962264151,157.0859538784067,23859,23479,25,477
63,130.6673640167364,149.4602510460251,23861,23481,2,478
63,76.81971153846153,268.68028846153845,23864,23484,15,416
63,84.35483870967742,230.83548387096775,23865,23485,16,310
63,156.3351851851852,268.1703703703704,23868,23488,13,540
63,154.74409448818898,286.8976377952756,23869,23489,14,508
63,113.53497164461248,233.12854442344045,23873,23493,5,529
63,181.56397306397307,181.03872053872053,23875,23495,17,594
63,144.39460370994942,202.22765598650926,23876,23496,18,593
63,140.18762088974856,250.55705996131528,23885,23505,8,517
63,103.23809523809524,270.76839826839824,23886,23506,22,462
63,187.26884422110552,208.72361809045225,23888,23508,23,398
63,173.69253731343284,233.97611940298506,23889,23509,24,335
64,62.65939597315436,95.63087248322148,24228,23848,19,596
64,91.79115044247787,77.19823008849558,24230,23850,20,565
64,132.22194513715712,44.62094763092269,24232,23852,21,401
64,148.02793296089385,68.18994413407822,24233,23853,10,358
64,136.89701492537313,107.3731343283582,24236,23856,12,670
64,99.51329243353783,158.13701431492842,24239,23859,25,489
64,127.1324376199616,146.10748560460652,24241,23861,2,521
64,80.88918206,273.91292875989444,24244,23864,15,379
64,83.28353658536585,230.21341463414635,24245,23865,16,328
64,155.2089844,268.5253906,24248,23868,13,512
64,159.14853556485355,283.6715481171548,24249,23869,14,478
64,111.48497854077253,235.5236051502146,24253,23873,5,233
64,182.8904109589041,176.7636986,24255,23875,17,584
64,142.69727891156464,201.7482993197279,24256,23876,18,588
64,140.07802874743325,251.9034907597536,24265,23885,8,487
64,106.58085106382978,260.3042553191489,24266,23886,22,470
64,185.64050632911392,205.5012658227848,24268,23888,23,395
64,178.76899696048633,230.54407294832828,24269,23889,24,329
65,62.45666666666666,95.22833333333334,24616,24228,19,600
65,91.89134125636673,75.67062818336163,24618,24230,20,589
65,119.1583578,68.71847507331378,24620,,26,341
65,143.32203389830508,61.271186440677965,24621,24233,10,413
65,137.2955882352941,109.25,24624,24236,12,680
65,100.36526946107784,160.12974051896208,24627,24239,25,501
65,122.08818011257036,144.8499061913696,24629,24241,2,533
65,80.54545454545455,275.65194805194807,24632,24244,15,385
65,83.43975903614458,227.33734939759037,24633,24245,16,332
65,155.46368715083798,268.3296089385475,24636,24248,13,537
65,159.38412017167383,284.14163090128756,24637,24249,14,466
65,181.39310344827587,176.39310344827587,24643,24255,17,580
65,138.97966101694917,196.96101694915254,24644,24256,18,590
65,98.94413407821229,240.41899441340783,24646,24253,5,179
65,113.14285714285714,208.74654377880185,24647,,27,217
65,136.89148936170213,251.69148936170214,24653,24265,8,470
65,105.49090909090908,260.34343434343435,24654,24266,22,495
65,182.87700534759358,203.9385026737968,24656,24268,23,374
65,176.19783197831978,228.6720867208672,24657,24269,24,369
66,62.64353312302839,93.86593059936908,25004,24616,19,634
66,87.27351916376307,78.67770034843205,25006,24618,20,574
66,118.50623441396509,71.33167082294264,25008,24620,26,401
66,145.1105527638191,59.24120603015076,25009,24621,10,398
66,139.0374812593703,111.21889055472263,25012,24624,12,667
66,103.648,162.996,25015,24627,25,500
66,119.21492007104796,142.20426287744226,25017,24629,2,563
66,81.47340425531915,276.4973404255319,25020,24632,15,376
66,82.96969696969697,226.8080808080808,25021,24633,16,297
66,157.35645472061657,266.57996146435454,25024,24636,13,519
66,160.16244725738397,282.8059071729958,25025,24637,14,474
66,183.24214417744918,174.64140480591496,25031,24643,17,541
66,139.16319444444446,196.39756944444446,25032,24644,18,576
66,100.51209677419355,238.93145161290323,25034,24646,5,248
66,112.91071428571429,212.425,25035,24647,27,280
66,136.17777777777778,252.27474747474747,25041,24653,8,495
66,104.95106382978723,265.0702127659574,25042,24654,22,470
66,183.74338624338625,202.74603174603175,25044,24656,23,378
66,175.51538461538462,227.14358974358976,25045,24657,24,390
67,62.01839464882943,94.38795986622074,25392,25004,19,598
67,86.76470588235294,77.183391,25394,25006,20,578
67,119.65189873417721,73.55907172995781,25396,25008,26,474
67,146.9050279329609,65.66201117318435,25397,25009,10,358
67,141.43407407407406,114.81333333333333,25400,25012,12,675
67,103.2368932038835,160.4116504854369,25403,25015,25,515
67,118.16373239436619,139.49295774647888,25405,25017,2,568
67,83.56892230576442,280.17543859649123,25408,25020,15,399
67,84.74433656957929,225.62783171521036,25409,25021,16,309
67,158.21647509578543,265.56130268199234,25412,25024,13,522
67,160.45043103448276,282.23922413793105,25413,25025,14,464
67,182.95925925925926,174.68703703703704,25419,25031,17,540
67,138.52640545144803,197.9420783645656,25420,25032,18,587
67,98.27607362,244.3435582822086,25422,25034,5,326
67,112.09150326797386,211.95098039215685,25423,25035,27,306
67,138.22626262626264,251.74141414141414,25429,25041,8,495
67,106.98706896551724,268.3103448275862,25430,25042,22,464
67,184.86979166666666,201.65104166666666,25432,25044,23,384
67,171.88630490956072,224.2894056847545,25433,25045,24,387
68,61.54330708661417,94.0992126,25779,25392,19,635
68,86.51602023608768,76.87858347386172,25781,25394,20,593
68,116.25769230769231,76.05384615384615,25783,25396,26,520
68,141.12977099236642,64.73791348600508,25784,25397,10,393
68,140.35507246376812,115.3463768115942,25787,25400,12,690
68,104.08015267175573,161.85496183206106,25790,25403,25,524
68,119.33266932270917,143.6394422310757,25792,25405,2,502
68,85.05793450881612,280.559194,25795,25408,15,397
68,86.69732938,223.6320474777448,25796,25409,16,337
68,156.55460750853243,265,25799,25412,13,586
68,165.17796610169492,282.6542372881356,25800,25413,14,590
68,181.89743589743588,174.73626373626374,25806,25419,17,546
68,139.76215277777777,201.22048611111111,25807,25420,18,576
68,93.11142061281338,243.8050139275766,25809,25422,5,359
68,113.64841498559078,210.20749279538904,25810,25423,27,347
68,138.5686274509804,249.44817927170868,25816,25429,8,357
68,108.78427419354838,265.6068548387097,25817,25430,22,496
68,197.49271137026238,199.7259475218659,25819,25432,23,343
68,171.23389021479713,222.2362768,25820,25433,24,419
69,63.19009584664537,93.77635782747603,26166,25779,19,626
69,88.40734557595994,75.74624373956594,26168,25781,20,599
69,114.18560606060606,77.04924242424242,26170,25783,26,528
69,141.35593220338984,65.57627118644068,26171,25784,10,413
69,140.68221574344022,116.34985422740525,26174,25787,12,686
69,90.01956522,160.40434782608696,26177,25790,25,460
69,117.09126213592234,143.68155339805824,26179,25792,2,515
69,86.00759493670886,280.72151898734177,26182,25795,15,395
69,84.32797427652733,225.41800643086816,26183,25796,16,311
69,155.88024883359253,264.95956454121307,26186,25799,13,643
69,168.62911611785094,281.0675909878683,26187,25800,14,577
69,182.33270321361059,174.67674858223063,26193,25806,17,529
69,139.51993067590988,197.95147313691507,26194,25807,18,577
69,92.68404908,244.01840490797545,26196,25809,5,326
69,112.05810397553516,210.58103975535167,26197,25810,27,327
69,139.63432835820896,244.49751243781094,26203,25816,8,402
69,111.51277013752456,265.4440078585462,26204,25817,22,509
69,194.79189189189188,197.76486486486488,26206,25819,23,370
69,174.17703349282297,226.29425837320574,26207,25820,24,418
70,62.32200647249191,94.26860841423948,26553,26166,19,618
70,87.70364238410596,77.04966887417218,26555,26168,20,604
70,111.51063829787235,80.94148936170212,26557,26170,26,564
70,138.96450939457202,65.35281837160751,26558,26171,10,479
70,139.96671490593343,116.03183791606368,26561,26174,12,691
70,81.00756143667297,169.13232514177693,26564,26177,25,529
70,116.27767354596622,144.55722326454034,26566,26179,2,533
70,84.49230769230769,282.2794871794872,26569,26182,15,390
70,84.51410658,224.67398119122257,26570,26183,16,319
70,156.23192771084337,265.35993975903614,26573,26186,13,664
70,169.49063032367974,281.7785349,26574,26187,14,587
70,183.64864864864865,175.69009009009008,26580,26193,17,555
70,135.65272727272728,200.93272727272728,26581,26194,18,550
70,91.33426183844011,244.8523676880223,26583,26196,5,359
70,109.15844155844155,204.187013,26584,26197,27,385
70,140.2568578553616,239.21695760598504,26590,26203,8,401
70,111.7226563,269.0449219,26591,26204,22,512
70,195.44893111638956,196.87410926365797,26593,26206,23,421
70,173.8450363196126,224.30750605326875,26594,26207,24,413
71,63.08702791461412,93.24630541871922,26940,26553,19,609
71,88.57360406091371,72.24534686971235,26942,26555,20,591
71,109.62307692307692,79.20192307692308,26944,26557,26,520
71,136.1694214876033,64.42355371900827,26945,26558,10,484
71,138.89758179231865,116.15078236130867,26948,26561,12,703
71,73.95764272559853,170.69060773480663,26951,26564,25,543
71,110.65849056603774,144.88679245283018,26953,26566,2,530
71,84.75061124694376,283.21026894865525,26956,26569,15,409
71,85.22839506172839,225.64814814814815,26957,26570,16,324
71,155.9522431259045,264.0014471780029,26960,26573,13,691
71,169.72727272727272,281.0470779220779,26961,26574,14,616
71,181.4920353982301,174.76283185840708,26967,26580,17,565
71,135.1288566243194,198.77313974591652,26968,26581,18,551
71,91.06837606837607,243.16239316239316,26970,26583,5,351
71,110.5720430107527,199.5225806451613,26971,26584,27,465
71,141.86552567237163,230.5599022,26977,26590,8,409
71,112.53061224489795,267.6586270871985,26978,26591,22,539
71,194.95663265306123,193.87244897959184,26980,26593,23,392
71,176.33705357142858,223.60044642857142,26981,26594,24,448
72,66.45040650406504,94.65853658536585,27327,26940,19,615
72,91.64597315436242,71.56375838926175,27329,26942,20,596
72,110.35761589403974,81.67991169977925,27331,26944,26,453
72,138.0633946830266,64.55623722,27332,26945,10,489
72,139.30259365994237,115.01729106628243,27335,26948,12,694
72,70.78363636363636,177.5909090909091,27338,26951,25,550
72,108.64869888475836,142.1375464684015,27340,26953,2,538
72,86.00746268656717,284.2238805970149,27343,26956,15,402
72,87.88271604938272,223.64506172839506,27344,26957,16,324
72,157.2906626506024,264.98343373493975,27347,26960,13,664
72,172.79119086460034,281.07667210440457,27348,26961,14,613
72,181.54083484573502,173.8693284936479,27354,26967,17,551
72,135.84511784511784,195.0185185185185,27355,26968,18,594
72,91.11299435028249,242.92090395480227,27357,26970,5,354
72,109.3931623931624,198.44017094017093,27358,26971,27,468
72,143.71140939597316,228.46085011185681,27364,26977,8,447
72,113.4466911764706,267.8069852941176,27365,26978,22,544
72,192.24371859296483,196,27367,26980,23,398
72,174.7425149700599,225.9251497005988,27368,26981,24,334
73,64.94145569620254,94.41139241,27714,27327,19,632
73,90.19680851063829,71.31205673758865,27716,27329,20,564
73,105.74403470715835,86.23210412147506,27718,27331,26,461
73,132.36121673003802,65.01140684410646,27719,27332,10,526
73,136.29640287769783,112.5726618705036,27722,27335,12,695
73,67.57352941176471,177.77389705882354,27725,27338,25,544
73,107.44425675675676,138.95101351351352,27727,27340,2,592
73,83.21182266009852,283.3965517241379,27730,27343,15,406
73,85.20521172638436,224.26384364820848,27731,27344,16,307
73,155.5414110429448,264.06595092024537,27734,27347,13,652
73,170.79245283018867,280.0990566037736,27735,27348,14,636
73,180.24570446735396,174.62199312714776,27741,27354,17,582
73,133.4655737704918,192.74918032786886,27742,27355,18,610
73,91.30555555555556,241.84722222222223,27744,27357,5,360
73,104.73763440860215,198.4021505376344,27745,27358,27,465
73,143.08915662650602,228.07710843373494,27751,27364,8,415
73,110.96571428571428,269.02476190476193,27752,27365,22,525
73,187.64320388349515,197.54126213592232,27754,27367,23,412
73,172.1453634085213,229.60651629072683,27755,27368,24,399
74,67.36724960254372,93.46581875993641,28101,27714,19,629
74,92.97746967071058,67.39514731369151,28103,27716,20,577
74,104.52358490566037,87.36792452830188,28105,27718,26,424
74,134.30332681017612,66.80821918,28106,27719,10,511
74,137.18194842406876,113.3782235,28109,27722,12,698
74,64.03008849557523,178.14513274336284,28112,27725,25,565
74,107.06468531468532,136.7325174825175,28114,27727,2,572
74,83.02863961813843,282.1073985680191,28117,27730,15,419
74,84.79344262295082,225.61639344262295,28118,27731,16,305
74,157.60798816568047,262.4304733727811,28121,27734,13,676
74,171.97695852534562,280.8294930875576,28122,27735,14,651
74,184.47304347826088,174.57391304347826,28128,27741,17,575
74,134.8918032786885,187.45409836065573,28129,27742,18,610
74,94.50546448087432,241.11748633879782,28131,27744,5,366
74,106.37654320987654,200.0082304526749,28132,27745,27,486
74,142.63532110091742,227.30275229357798,28138,27751,8,436
74,113.4331450094162,269.2768361581921,28139,27752,22,531
74,185.06716417910448,197.54228855721394,28141,27754,23,402
74,173.97737556561086,227.5791855,28142,27755,24,442
75,68.21322314049587,91.95371900826446,28488,28101,19,605
75,93.64039408866995,66.53858784893268,28490,28103,20,609
75,105.36453201970443,87.30541871921183,28492,28105,26,406
75,134.75435203094779,65.14506769825918,28493,28106,10,517
75,137.76379066478077,113.61669024045261,28496,28109,12,707
75,62.30139373,178.31184668989548,28499,28112,25,574
75,105.27321428571429,135.39285714285714,28501,28114,2,560
75,83.29951690821257,281.9830917874396,28504,28117,15,414
75,86.78419452887537,223.90273556231003,28505,28118,16,329
75,156.60771704180064,263.5498392282958,28508,28121,13,622
75,172.48181818181817,280.19848484848484,28509,28122,14,660
75,184.84347826086957,173.06434782608696,28515,28128,17,575
75,132.80639730639732,184.56902356902356,28516,28129,18,594
75,96.01222494,241.78484107579462,28518,28131,5,409
75,103.609375,197.515625,28519,28132,27,512
75,141.07505518763796,227.74172185430464,28525,28138,8,453
75,113.11380597014926,267.9850746268657,28526,28139,22,536
75,181.59,195.3425,28528,28141,23,400
75,171.15035799522673,226.9379474940334,28529,28142,24,419
76,68.65353038,94.81280788,28875,28488,19,609
76,94.35093167701864,66.15062111801242,28877,28490,20,644
76,107.87015945330296,90.79498861047836,28879,28492,26,439
76,133.4812734082397,65.54868913857678,28880,28493,10,534
76,138.20684736091297,118.44793152639087,28883,28496,12,701
76,62.12591240875913,184.79744525547446,28886,28499,25,548
76,95.91744840525328,134.49343339587242,28888,28501,2,533
76,82.39845758354755,283.40102827763496,28891,28504,15,389
76,84.56774193548387,222.03225806451613,28892,28505,16,310
76,155.3978494623656,266.4009216589862,28895,28508,13,651
76,171.94656488549617,281.96030534351144,28896,28509,14,655
76,183.5800344234079,174.52151462994837,28902,28515,17,581
76,131.68688524590164,186.1983606557377,28903,28516,18,610
76,95.94919168591224,242.13625866050808,28905,28518,5,433
76,100.90926275992439,194.3610586011342,28906,28519,27,529
76,142.14055299539172,228.3364055299539,28912,28525,8,434
76,112.54659498207886,268.40501792114696,28913,28526,22,558
76,178.28985507246378,196.12077294685992,28915,28528,23,414
76,170.41743119266056,229.4954128440367,28916,28529,24,436
77,69.23795620437956,94.80145985,29262,28875,19,685
77,95.08507223113965,65.21990369,29264,28877,20,623
77,108.01121076233184,90.54035874439462,29266,28879,26,446
77,132.67296786389414,65.19659735349717,29267,28880,10,529
77,138.0564399421129,118.27496382054993,29270,28883,12,691
77,57.407272727272726,190.47636363636363,29273,28886,25,550
77,89.38418079096046,129.35969868173257,29275,28888,2,531
77,81.71289537712896,282.323601,29278,28891,15,411
77,84.44012944983818,223.53721682847896,29279,28892,16,309
77,156.41778523489933,266.3640939597315,29282,28895,13,596
77,172.08037094281298,281.4389489953632,29283,28896,14,647
77,183.52339688041593,173.71923743500867,29289,28902,17,577
77,130.47058823529412,182.0847750865052,29290,28903,18,578
77,97.01735358,241.81344902386118,29292,28905,5,461
77,101.54234234234234,194.5891891891892,29293,28906,27,555
77,141.52287581699346,231.99346405228758,29299,28912,8,459
77,111.91391941391942,270.0018315018315,29300,28913,22,546
77,178.12564102564102,193.97692307692307,29302,28915,23,390
77,170.45348837209303,227.15581395348838,29303,28916,24,430
78,70.02392344497608,94.55661881977672,29642,29262,19,627
78,95.99211356466877,64.75867507886436,29644,29264,20,634
78,109.71655328798185,91.45578231292517,29646,29266,26,441
78,133.53474903474904,63.58301158301158,29647,29267,10,518
78,138.88505747126436,118.29166666666667,29650,29270,12,696
78,53.78456014362657,194.67684021543985,29653,29273,25,557
78,82.13909774,128.5375939849624,29655,29275,2,532
78,82.3047619,282.1928571428571,29658,29278,15,420
78,83.93037974683544,223.8259493670886,29659,29279,16,316
78,162.2681660899654,262.47058823529414,29662,29282,13,578
78,172.422188,282.12942989214173,29663,29283,14,649
78,184.21180555555554,172.82986111111111,29669,29289,17,576
78,129.10858143607706,180.93345008756566,29670,29290,18,571
78,98.35254988913526,241.0731707317073,29672,29292,5,451
78,100.10223048327137,194.35873605947955,29673,29293,27,538
78,141.1912832929782,233.58353510895884,29679,29299,8,413
78,112.76756756756757,271.11531531531534,29680,29300,22,555
78,177.78092783505156,191.81443298969072,29682,29302,23,388
78,169.92963752665244,226.80170575692964,29683,29303,24,469
79,69.62174578866768,95.34609494640122,30014,29642,19,653
79,93.96875,59.540625,30016,29644,20,640
79,107.02212389380531,90.82079646,30018,29646,26,452
79,132.4686274509804,62.63137254901961,30019,29647,10,510
79,139.13509544787078,115.22466960352423,30022,29650,12,681
79,50.887915936952716,197.42556917688268,30025,29653,25,571
79,73.82600382409179,124.30019120458891,30027,29655,2,523
79,80.57244655581948,280.5249406175772,30030,29658,15,421
79,83.33438485804416,220.66246056782333,30031,29659,16,317
79,164.5221843003413,259.9778156996587,30034,29662,13,586
79,170.78582434514638,282.43143297380584,30035,29663,14,649
79,182.32318104906938,172.84940778341794,30041,29669,17,591
79,126.95492487479132,179.29549248747912,30042,29670,18,599
79,97.27194860813705,241.01284796573876,30044,29672,5,467
79,96.94541910331384,193.35867446393763,30045,29673,27,513
79,139.69546436285097,230.74082073434124,30051,29679,8,463
79,112.16206261510129,272.70534069981585,30052,29680,22,543
79,174.69585253456222,193.7073732718894,30054,29682,23,434
79,170.26518218623482,228.82186234817814,30055,29683,24,494
80,69.82802548,94.91242038,30386,30014,19,628
80,93.86846275752774,60.32171156893819,30388,30016,20,631
80,106.87472527472528,90.77362637362637,30390,30018,26,455
80,132.05430711610487,61.7247191,30391,30019,10,534
80,138.72532188841203,115.50500715307582,30394,30022,12,699
80,47.386243386243386,203.30864197530863,30397,30025,25,567
80,67.86862745,121.22549019607843,30399,30027,2,510
80,79.66346153846153,279.8485576923077,30402,30030,15,416
80,82.78378378378379,224.2972972972973,30403,30031,16,296
80,167.1599353796446,258.78675282714056,30406,30034,13,619
80,170.03317535545023,283.6018957345972,30407,30035,14,633
80,182.79646017699116,173.5557522123894,30413,30041,17,565
80,126.17689530685921,176.20216606498195,30414,30042,18,554
80,97.33333333333333,240.4831223628692,30416,30044,5,474
80,97.22898032200358,191.8783542039356,30417,30045,27,559
80,139.69246861924685,229.48535564853557,30423,30051,8,478
80,111.94774774774774,274.81081081081084,30424,30052,22,555
80,174.24884792626727,192.93087557603687,30426,30054,23,434
80,169.37777777777777,228.73131313131313,30427,30055,24,495
81,70.20283018867924,95.22641509433963,30758,30386,19,636
81,94.30279503,59.62577639751553,30760,30388,20,644
81,106.63938053097345,90.83849557522124,30762,30390,26,452
81,133.33828996282529,62.806691449814124,30763,30391,10,538
81,138.83670520231215,117.16618497109826,30766,30394,12,692
81,45.50515463917526,206.67697594501718,30769,30397,25,582
81,61.69439071566731,118.83172147001935,30771,30399,2,517
81,80.12582781456953,282.18984547461366,30774,30402,15,453
81,82.02980132450331,222.52317880794703,30775,30403,16,302
81,169.72711571675302,258.5854922279793,30778,30406,13,579
81,170.03888024883358,285.1384136858476,30779,30407,14,643
81,182.62306368330465,173.8502581755594,30785,30413,17,581
81,126.69488536155202,174.7636684303351,30786,30414,18,567
81,97.51731160896131,240.9531568228106,30788,30416,5,491
81,97.54640980735552,190.17513134851137,30789,30417,27,571
81,139.58004158004158,227.40332640332642,30795,30423,8,481
81,112.98010849909583,275.1211573,30796,30424,22,553
81,174.9572072072072,193.6644144144144,30798,30426,23,444
81,171.77185501066097,229.82942430703625,30799,30427,24,469
82,70.28050713153725,96.79714738510302,31130,30758,19,631
82,93.2609375,60.215625,31132,30760,20,640
82,107.69330453563715,90.97408207343412,31134,30762,26,463
82,131.87686567164178,63.57835820895522,31135,30763,10,536
82,138.78153846153847,116.93538461538462,31138,30766,12,650
82,38.52045826513912,210.99181669394434,31141,30769,25,611
82,50.637867647058826,114.97977941176471,31143,30771,2,544
82,80.82687927107061,283.73576309794987,31146,30774,15,439
82,81.16382252559727,222.90443686006827,31147,30775,16,293
82,170.9795918367347,257.3061224489796,31150,30778,13,588
82,170.16153846153847,285.92615384615385,31151,30779,14,650
82,182.6043771043771,173.45959595959596,31157,30785,17,594
82,122.15818181818182,172.89272727272729,31158,30786,18,550
82,96.44948453608248,241.8762886597938,31160,30788,5,485
82,95.59719789842381,188.0753064798599,31161,30789,27,571
82,139.47264770240702,228.84463894967178,31167,30795,8,457
82,113.64259927797833,274.71119133574007,31168,30796,22,554
82,175.11258278145695,193.67328918322295,31170,30798,23,453
82,169.5818540433925,229.7869822485207,31171,30799,24,507
83,70.61274509803921,95.30718954248366,31502,31130,19,612
83,94.93972179289027,60.003091190108194,31504,31132,20,647
83,109.41386554621849,111.61344537815125,31506,,28,476
83,132.25688073394497,64.59816513761469,31507,31135,10,545
83,138.49135446685878,112.57780979827089,31510,31138,12,694
83,32.82958199356913,215.59163987138263,31513,31141,25,622
83,50.621818181818185,113.89272727272727,31515,31143,2,550
83,82.99565217391304,283.6,31518,31146,15,460
83,79.41693811074919,219.56026058631923,31519,31147,16,307
83,174.13643926788686,254.24292845257904,31522,31150,13,601
83,171.20944881889764,284.56850393700785,31523,31151,14,635
83,183.33390410958904,170,31529,31157,17,584
83,124.11251980982567,169.15213946117274,31530,31158,18,631
83,94.77263581488934,241.95171026156942,31532,31160,5,497
83,95.84822934232714,186.00337268128163,31533,31161,27,593
83,139.69722814498934,229.99360341151385,31539,31167,8,469
83,114.25316455696202,274.2278481012658,31540,31168,22,553
83,177.76993166287016,189.75170842824602,31542,31170,23,439
83,168.9375,228.171875,31543,31171,24,512
84,70.48026315789474,95.83388157894737,31874,31502,19,608
84,92.47744945567652,61.10575427682737,31876,31504,20,643
84,96.17763157894737,135.52796052631578,31878,,29,608
84,130.75824175824175,65.98717948717949,31879,31507,10,546
84,139.64040404040404,117.02424242424243,31882,31510,12,495
84,28.189792663476872,219.25358851674642,31885,31513,25,627
84,52.42170818505338,115.54626334519573,31887,31515,2,562
84,81.87858719646799,287.3245033112583,31890,31518,15,453
84,77.69102990033223,219.44850498338872,31891,31519,16,301
84,173.90847457627117,253.36779661016948,31894,31522,13,590
84,169.6814024390244,285.2759146341463,31895,31523,14,656
84,177.52773109243697,169.49411764705883,31901,31529,17,595
84,122.28353140916808,170.2597623089983,31902,31530,18,589
84,92.04828973843058,242.02213279678068,31904,31532,5,497
84,93.796875,185.97569444444446,31905,31533,27,576
84,137.96336206896552,230.26293103448276,31911,31539,8,464
84,113.41093474426808,275.0846560846561,31912,31540,22,567
84,177.2358079,190.56768558951964,31914,31542,23,458
84,166.2713755,229.0185873605948,31915,31543,24,538
85,72.44425956738769,95.85357737104825,32246,31874,19,601
85,93.81076923076922,59.964615384615385,32248,31876,20,650
85,85.49264705882354,155.1,32250,,30,680
85,129.90681003584228,68.92114695340501,32251,31879,10,558
85,25.80511182108626,222.05271565495207,32257,31885,25,626
85,58.929701230228474,118.61335676625659,32259,31887,2,569
85,81.90987124,286.51502145922746,32262,31890,15,466
85,76.91836734693878,219.58503401360545,32263,31891,16,294
85,175.10491803278688,252.14098360655737,32266,31894,13,610
85,169.7480680061824,285.6352395672334,32267,31895,14,647
85,175.63468013468014,168.62121212121212,32273,31901,17,594
85,119.60487804878049,166.8959349593496,32274,31902,18,615
85,91.972,241.99,32276,31904,5,500
85,90.15437392795883,185.7993138936535,32277,31905,27,583
85,136.606,230.79,32283,31911,8,500
85,112.69494584837545,273.9115523465704,32284,31912,22,554
85,179.72040816326532,191.06938775510204,32286,31914,23,490
85,166.79266055045872,229.55045871559633,32287,31915,24,545
85,149.4689265536723,115.8135593220339,32289,31882,12,177
85,115.47398843930635,119.20809248554913,32290,,31,173
86,72.98397435897436,96.28205128205128,32618,32246,19,624
86,94.56134969325153,60.49233128834356,32620,32248,20,652
86,92.02680965147454,162.56300268096516,32622,32250,30,746
86,131.02139037433156,68.41889483065954,32623,32251,10,561
86,25.1632,223.4608,32629,32257,25,625
86,56.723076923076924,118.13162393162393,32631,32259,2,585
86,83.68052516411379,287.03063457330416,32634,32262,15,457
86,78.31325301,218.99397590361446,32635,32263,16,332
86,174.46129032258065,253.1725806451613,32638,32266,13,620
86,170.20030816640985,285.4391371340524,32639,32267,14,649
86,175.54,168.84,32645,32273,17,600
86,118.24098360655738,165.63934426229508,32646,32274,18,610
86,92.55151515151515,243.0888888888889,32648,32276,5,495
86,90.49267399267399,188.12271062271063,32649,32277,27,546
86,137.54618473895582,231.63052208835342,32655,32283,8,498
86,113.45340501792114,274.4121863799283,32656,32284,22,558
86,182.2129817444219,190.98985801217037,32658,32286,23,493
86,167.71153846153845,228.91083916083917,32659,32287,24,572
86,147.2929688,116.0078125,32661,32289,12,256
86,114.14236111111111,106.24305555555556,32662,32290,31,288
87,73.05654281098546,96.36187399030695,33007,32618,19,619
87,93.98323170731707,61.35060975609756,33009,32620,20,656
87,101.47455470737914,161.45038167938932,33011,32622,30,786
87,131.4723707664884,68.04991087344028,33012,32623,10,561
87,23.478939157566302,224.61466458658347,33018,32629,25,641
87,53.45580589254766,114.48526863084922,33020,32631,2,577
87,84.30962343096235,286.9623430962343,33023,32634,15,478
87,76.59800664451828,220.69435215946845,33024,32635,16,301
87,174.7895595,253.1957585644372,33027,32638,13,613
87,169.90658499234303,285.4640122511485,33028,32639,14,653
87,175.39398998330552,168.37562604340567,33034,32645,17,599
87,121.29120879120879,165.77472527472528,33035,32646,18,364
87,92.54240631163708,243.51282051282053,33037,32648,5,507
87,90.72744014732965,187.40331491712706,33038,32649,27,543
87,136.66265060240963,231.8594378,33044,32655,8,498
87,114.05344827586207,274.43275862068964,33045,32656,22,580
87,183.41928721174006,190.61215932914047,33047,32658,23,477
87,166.22066549912435,228.9894921190893,33048,32659,24,571
87,146.26736111111111,114.36111111111111,33050,32661,12,288
87,113.24852071005917,109.03254437869822,33051,32662,31,338
88,68.09966777408638,95.82225913621262,33396,33007,19,602
88,93.44090909090909,61.025757575757574,33398,33009,20,660
88,102.9815817984832,165.82231852654388,33400,33011,30,923
88,131.48754448398577,68.69395017793595,33401,33012,10,562
88,21.93798449612403,226.46046511627907,33407,33018,25,645
88,46.742808798646365,111.95939086294416,33409,33020,2,591
88,82.64329896907216,286.71958762886595,33412,33023,15,485
88,76.09009009009009,218.39939939939939,33413,33024,16,333
88,176.0488188976378,251.50393700787401,33416,33027,13,635
88,169.26415094339623,285.7484277,33417,33028,14,636
88,174.00655737704918,168.17377049180328,33423,33034,17,610
88,119.64465408805032,165.46226415094338,33424,33035,18,318
88,91.26104417670683,245.86947791164658,33426,33037,5,498
88,87.67660550458716,187.10550458715596,33427,33038,27,436
88,136.01709401709402,231.61752136752136,33433,33044,8,468
88,112.9787610619469,272.8053097345133,33434,33045,22,565
88,182.27484143763215,192.76532769556025,33436,33047,23,473
88,165.62542372881356,229.50169491525423,33437,33048,24,590
88,146.8463768115942,117.25507246376812,33439,33050,12,345
88,109.55853658536586,107.48536585365854,33440,33051,31,410
89,68.60353982300884,96.98584071,33785,33396,19,565
89,94.18335901386749,60.929121725731896,33787,33398,20,649
89,106.84318766066838,162.23521850899743,33789,33400,32,778
89,133.57931034482758,66.09482758620689,33790,33401,10,580
89,19.796352583586625,228.85562310030394,33796,33407,25,658
89,41.30185497470489,108.97133220910624,33798,33409,2,593
89,84.19913419913419,286.62554112554113,33801,33412,15,462
89,77.55140186915888,220.89096573208724,33802,33413,16,321
89,178.4711388455538,249.57410296411857,33805,33416,13,641
89,169.8046511627907,284.6945736434109,33806,33417,14,645
89,175.32045088566827,167.9291465378422,33812,33423,17,621
89,111.48571428571428,147.76666666666668,33813,33400,33,210
89,91.99603174603175,246.43650793650792,33815,33426,5,504
89,89.47792706333973,184.56238003838772,33816,33427,27,521
89,136.96390658174099,227.99575371549895,33822,33433,8,471
89,115.5742397137746,272.2397137745975,33823,33434,22,559
89,184.1593291404612,191.93710691823898,33825,33436,23,477
89,164.44039735099338,229.94867549668874,33826,33437,24,604
89,148.19024390243902,117.97560975609755,33828,33439,12,410
89,108.39573459715639,109.07109004739337,33829,33440,31,422
90,67.54063018242122,98.56053067993366,34174,33785,19,603
90,95.46072508,62.01812688821752,34176,33787,20,662
90,88.97661365762394,144.76987839101963,34178,,34,1069
90,135.6785079928952,61.58614564831261,34179,33790,10,563
90,15.62518740629685,231.97151424287856,34185,33796,25,667
90,34.7775974,104.58766233766234,34187,33798,2,616
90,84.80462185,288.69117647058823,34190,33801,15,476
90,75.05232558139535,217.38372093023256,34191,33802,16,344
90,179.14242424242425,248.62272727272727,34194,33805,13,660
90,169.1483771251932,285.3817619783617,34195,33806,14,647
90,178.2596153846154,168.70993589743588,34201,33812,17,624
90,111.54126679462571,158.39539347408828,34202,33789,32,521
90,91.0297619,247.71031746031747,34204,33815,5,504
90,87.55041322,184.3702479338843,34205,33816,27,605
90,135.78979591836736,229.76734693877552,34211,33822,8,490
90,114.70216606498195,273.4711191,34212,33823,22,554
90,182.8141962421712,192.83089770354906,34214,33825,23,479
90,162.46440129449837,231.26537216828478,34215,33826,24,618
90,150.55456570155903,122.15144766146993,34217,33828,12,449
90,110.29338842975207,111.84710743801652,34218,33829,31,484
91,66.90954773869346,97.61474036850922,34563,34174,19,597
91,96.89954337899543,60.03500761035008,34565,34176,20,657
91,94.18693693693693,156.11599099099098,34567,34178,34,888
91,136.27336860670195,59.88183421516755,34568,34179,10,567
91,14.560902255639098,234.02556390977443,34575,34185,25,665
91,31.717741935483872,101.83225806451613,34576,34187,2,620
91,88.61946902654867,290.8539823,34579,34190,15,452
91,75.12820512820512,218.84294871794873,34580,34191,16,312
91,180.12037037037038,246.5679012345679,34583,34194,13,648
91,169.21360759493672,285.85917721518985,34584,34195,14,632
91,179.67100977198697,169.1058631921824,34590,34201,17,614
91,113.79282868525897,157.09163346613545,34591,34202,32,251
91,90.81213307240705,248.2054794520548,34593,34204,5,511
91,84.01926444833626,183.4553415061296,34594,34205,27,571
91,134.50413223140495,227.2995867768595,34600,34211,8,484
91,115.69872958257713,271.97459165154265,34601,34212,22,551
91,183.17857142857142,193.2043650793651,34603,34214,23,504
91,163.10333333333332,231.11,34604,34215,24,600
91,151.15766738660906,120.67386609071275,34606,34217,12,463
91,110.41030927835051,113.83917525773195,34607,34218,31,485
